id,pid,series_tag,name
kw142174893,142174893,BULGARO,BULGARO イエロー
kw142174985,142174985,BULGARO,BULGARO オリーブ
kw144863774,144863774,BULGARO,BULGARO キャメル
kw155783293,155783293,BULGARO,BULGARO グリーン
kw153122754,153122754,BULGARO,BULGARO グレー
kw142053258,142053258,BULGARO,BULGARO コニャック
kw161703674,161703674,BULGARO,BULGARO シエナ
kw142044123,142044123,BULGARO,BULGARO ダークブラウン
kw142102656,142102656,BULGARO,BULGARO ネイビー
kw139897477,139897477,BULGARO,BULGARO ブラウン
kw142086646,142086646,BULGARO,BULGARO ブラック
kw173296707,173296707,BULGARO,BULGARO ブルー
kw144864221,144864221,BULGARO,BULGARO レッド
kw153128716,153128716,BULGARO,BULGARO ワイン
kw142098205,142098205,NEBRASKA,NEBRASKA イエロー
kw142101001,142101001,NEBRASKA,NEBRASKA オリーブ
kw145547570,145547570,NEBRASKA,NEBRASKA キャメル
kw159900455,159900455,NEBRASKA,NEBRASKA グリーン
kw153747469,153747469,NEBRASKA,NEBRASKA グレー
kw142098655,142098655,NEBRASKA,NEBRASKA コニャック
kw161703649,161703649,NEBRASKA,NEBRASKA シエナ
kw140633732,140633732,NEBRASKA,NEBRASKA ダークブラウン
kw142099497,142099497,NEBRASKA,NEBRASKA ネイビー
kw142064093,142064093,NEBRASKA,NEBRASKA ブラウン
kw142100093,142100093,NEBRASKA,NEBRASKA ブラック
kw173297104,173297104,NEBRASKA,NEBRASKA ブルー
kw145547651,145547651,NEBRASKA,NEBRASKA レッド
kw155783348,155783348,NEBRASKA,NEBRASKA ワイン
kw142277908,142277908,TENDER,TENDER イエロー
kw142278005,142278005,TENDER,TENDER オリーブ
kw162805150,162805150,TENDER,TENDER キャメル
kw164301924,164301924,TENDER,TENDER グレー
kw139898846,139898846,TENDER,TENDER コニャック
kw142277492,142277492,TENDER,TENDER ダークブラウン
kw142278106,142278106,TENDER,TENDER ネイビー
kw142277231,142277231,TENDER,TENDER ブラウン
kw142278160,142278160,TENDER,TENDER ブラック
kw172107644,172107644,TENDER,TENDER ワイン
kw159732492,159732492,REVERSO,REVERSO コニャック
kw159732507,159732507,REVERSO,REVERSO シエナ
kw159732534,159732534,REVERSO,REVERSO ダークブラウン
kw159732636,159732636,REVERSO,REVERSO トープ
kw159732602,159732602,REVERSO,REVERSO ネイビー
kw159732522,159732522,REVERSO,REVERSO ブラウン
kw159732478,159732478,REVERSO,REVERSO ブラック
kw159732548,159732548,REVERSO,REVERSO レッド
kw159732568,159732568,REVERSO,REVERSO ワイン
kw161703696,161703696,TWIST,TWIST アイボリー
kw145958545,145958545,TWIST,TWIST イエロー
kw145959044,145959044,TWIST,TWIST オリーブ
kw145958466,145958466,TWIST,TWIST グレー
kw145958402,145958402,TWIST,TWIST ダークブラウン
kw145958035,145958035,TWIST,TWIST ナチュラル
kw145959279,145959279,TWIST,TWIST ネイビー
kw145958291,145958291,TWIST,TWIST ブラウン
kw155042339,155042339,TWIST,TWIST ブラック
kw145958630,145958630,TWIST,TWIST ワイン
ska46,170150003,ALASKA,ALASKA アイスブルー
ska42,141898992,ALASKA,ALASKA アイボリー
ska40,155535744,ALASKA,ALASKA イエロー
ska31,152578876,ALASKA,ALASKA オレンジ
ska43,155535799,ALASKA,ALASKA グリーン
ska13,148270635,ALASKA,ALASKA グレー
ska34,155536414,ALASKA,ALASKA ターコイズ
ska10,141891418,ALASKA,ALASKA チョコ
ska01,140336842,ALASKA,ALASKA ナチュラル
ska05,170150207,ALASKA,ALASKA ビリジアン
ska41,155536107,ALASKA,ALASKA ピンク
ska08,155535485,ALASKA,ALASKA ブラウン
ska12,141893632,ALASKA,ALASKA ブラック
ska16,148270455,ALASKA,ALASKA ブルー
ska06,152578868,ALASKA,ALASKA ラズベリー
ska33,155536219,ALASKA,ALASKA レッド
kw169160973,169160973,AMAZZONIA,AMAZZONIA イエロー
kw156744633,156744633,AMAZZONIA,AMAZZONIA オリーブ
kw156744560,156744560,AMAZZONIA,AMAZZONIA グリーン
kw156744695,156744695,AMAZZONIA,AMAZZONIA グレー
kw169161060,169161060,AMAZZONIA,AMAZZONIA ターコイズ
kw155784895,155784895,AMAZZONIA,AMAZZONIA ダークブラウン
kw140634418,140634418,AMAZZONIA,AMAZZONIA チョコ
kw156744751,156744751,AMAZZONIA,AMAZZONIA ネイビー
kw141886381,141886381,AMAZZONIA,AMAZZONIA ブラウン
kw141882810,141882810,AMAZZONIA,AMAZZONIA ブラック
kw143375840,143375840,AMAZZONIA,AMAZZONIA ブルー
kw141887558,141887558,AMAZZONIA,AMAZZONIA レッド
kw156742684,156742684,AMAZZONIA,AMAZZONIA ワイン
kw142151566,142151566,CRUST,CRUST エバノ
kw142151977,142151977,CRUST,CRUST コバルト
kw142151264,142151264,CRUST,CRUST ジアロ
kw176481776,176481776,CRUST,CRUST ナチュラーレ
kw142152473,142152473,CRUST,CRUST ネロ
kw171321838,171321838,CRUST,CRUST マローネ
kw171321870,171321870,CRUST,CRUST ミリターレ
kw142151671,142151671,CRUST,CRUST ロッソ
kw163439114,163439114,COUNTRY,COUNTRY グレー
kw163434696,163434696,COUNTRY,COUNTRY ダークブラウン
kw163434660,163434660,COUNTRY,COUNTRY ナチュラル
kw163434683,163434683,COUNTRY,COUNTRY ブラウン
kw163439240,163439240,COUNTRY,COUNTRY ブラック
kw163439020,163439020,COUNTRY,COUNTRY ブルー
kw163439070,163439070,COUNTRY,COUNTRY ベージュ
kw163434620,163434620,COUNTRY,COUNTRY ホワイト
kw163438954,163438954,COUNTRY,COUNTRY レッド
kw163438818,163438818,COUNTRY,COUNTRY ヴァイオレット
mano08,189376362,MARIANO,MARIANO オリーブ
mano13,189376376,MARIANO,MARIANO グレー
mano32,189376357,MARIANO,MARIANO ダークブラウン
mano01,189376345,MARIANO,MARIANO ナチュラル
mano18,189376367,MARIANO,MARIANO ネイビー
mano06,189376351,MARIANO,MARIANO ブラウン
mano07,189376385,MARIANO,MARIANO ブラック
kw177973946,177973946,LINEA VASCA Liscio,LINEA VASCA Liscio オルティーカ
kw177973886,177973886,LINEA VASCA Liscio,LINEA VASCA Liscio カスターニャ
kw177973956,177973956,LINEA VASCA Liscio,LINEA VASCA Liscio コバルト
kw177973864,177973864,LINEA VASCA Liscio,LINEA VASCA Liscio セサンタ（60）
kw177973871,177973871,LINEA VASCA Liscio,LINEA VASCA Liscio ダークブラウン
kw177973968,177973968,LINEA VASCA Liscio,LINEA VASCA Liscio トッポ
kw180707713,180707713,LINEA VASCA Liscio,LINEA VASCA Liscio トルケーゼ
kw180707712,180707712,LINEA VASCA Liscio,LINEA VASCA Liscio ナチュラーレ
kw177973960,177973960,LINEA VASCA Liscio,LINEA VASCA Liscio ネイビー
kw177973979,177973979,LINEA VASCA Liscio,LINEA VASCA Liscio ネロ
kw177973910,177973910,LINEA VASCA Liscio,LINEA VASCA Liscio フクシア
kw177973918,177973918,LINEA VASCA Liscio,LINEA VASCA Liscio フラゴラ
kw177973924,177973924,LINEA VASCA Liscio,LINEA VASCA Liscio ヴェルデ
lvb_ort,174657061,LINEA VASCA Box,LINEA VASCA Box オルティーカ
lvb_cas,174657044,LINEA VASCA Box,LINEA VASCA Box カスターニャ
lvb_cob,174657065,LINEA VASCA Box,LINEA VASCA Box コバルト
lvb_ses,174657027,LINEA VASCA Box,LINEA VASCA Box セサンタ（60）
lvb_dkb,174657035,LINEA VASCA Box,LINEA VASCA Box ダークブラウン
lvb_top,174657080,LINEA VASCA Box,LINEA VASCA Box トッポ（灰）
lvb_tur,180707715,LINEA VASCA Box,LINEA VASCA Box トルケーゼ
lvb_nat,180707714,LINEA VASCA Box,LINEA VASCA Box ナチュラーレ
lvb_nav,174657071,LINEA VASCA Box,LINEA VASCA Box ネイビー
lvb_ner,174657087,LINEA VASCA Box,LINEA VASCA Box ネロ（黒）
lvb_fux,174657048,LINEA VASCA Box,LINEA VASCA Box フクシア
lvb_fra,174657051,LINEA VASCA Box,LINEA VASCA Box フラゴラ
lvb_ver,174657054,LINEA VASCA Box,LINEA VASCA Box ヴェルデ（緑）
mfog_all,174217722,MARGOT FOG,MARGOT FOG アローロ
mfog_cas,174217690,MARGOT FOG,MARGOT FOG カスターニャ
mfog_cob,174218213,MARGOT FOG,MARGOT FOG コバルト
mfog_gir,174217715,MARGOT FOG,MARGOT FOG ジラソーレ
mfog_top,174218224,MARGOT FOG,MARGOT FOG トッポ（灰）
mfog_tur,174217729,MARGOT FOG,MARGOT FOG トルケーゼ（青緑）
mfog_nat,174217652,MARGOT FOG,MARGOT FOG ナチュラーレ
mfog_nav,174218218,MARGOT FOG,MARGOT FOG ネイビー
mfog_ner,174218268,MARGOT FOG,MARGOT FOG ネロ（黒）
mfog_fux,174217697,MARGOT FOG,MARGOT FOG フクシア
mfog_fra,174217708,MARGOT FOG,MARGOT FOG フラゴラ
mfog_brn,174217655,MARGOT FOG,MARGOT FOG ブラウン
mg_all,158805427,MARGOT,MARGOT アローロ
kw188691587,188691587,MARGOT,MARGOT アヴィオ
mg_olm,183786767,MARGOT,MARGOT オルモ
mg_top,158805672,MARGOT,MARGOT トッポ（灰）
kw142026124,142026124,MARGOT,MARGOT コバルト
mg_gir,142042006,MARGOT,MARGOT ジラソーレ
mg_dkb,140633333,MARGOT,MARGOT ダークブラウン
mg_cas,166876910,MARGOT,MARGOT カスターニャ
mg_tur,170334361,MARGOT,MARGOT トルケーゼ
mg_nat,166876687,MARGOT,MARGOT ナチュラーレ
mg_nav,158805629,MARGOT,MARGOT ネイビー
mg_bur,183827962,MARGOT,MARGOT バーガンディ
mg_fie,183827901,MARGOT,MARGOT フィエーノ
mg_fux,166877020,MARGOT,MARGOT フクシア
mg_fra,158805363,MARGOT,MARGOT フラゴラ
mg_brn,142042272,MARGOT,MARGOT ブラウン
mg_ner,142026525,MARGOT,MARGOT ネロ（黒）
kw188691341,188691341,MARGOT,MARGOT プラト
mg_bos,183828000,MARGOT,MARGOT ボスコ
mg_man,158805358,MARGOT,MARGOT マンダリーノ
mg_men,166877083,MARGOT,MARGOT メンタ（薄緑）
mg_lil,166876967,MARGOT,MARGOT リラ（薄紫）
mg_ros,188691265,MARGOT,MARGOT ローサ（桃）
kw176618416,176618416,TEXAS,TEXAS アガベ
kw176617989,176617989,TEXAS,TEXAS アンブラ
kw176618366,176618366,TEXAS,TEXAS オクラ
kw176146678,176146678,TEXAS,TEXAS キャメロ
kw176618223,176618223,TEXAS,TEXAS クオイオ
kw176618274,176618274,TEXAS,TEXAS シエナ
kw176618310,176618310,TEXAS,TEXAS ティー・モロ
kw176618431,176618431,TEXAS,TEXAS ネイビー
kw176618488,176618488,TEXAS,TEXAS ネロ
kw176618285,176618285,TEXAS,TEXAS パパヤ
kw176618472,176618472,TEXAS,TEXAS ピオンボ
kw176618348,176618348,TEXAS,TEXAS フィエスタ
kw176618328,176618328,TEXAS,TEXAS プルーニャ
kw176618374,176618374,TEXAS,TEXAS ラトゥーガ
kw176618445,176618445,TEXAS,TEXAS ヴィオラ
kw176618381,176618381,TEXAS,TEXAS ヴェルデ
kw172113060,172113060,SIBILLA Liscio,SIBILLA Liscio アガベ
kw168532565,168532565,SIBILLA Liscio,SIBILLA Liscio イリス
kw175192406,175192406,SIBILLA Liscio,SIBILLA Liscio クロロフィラ
kw168532634,168532634,SIBILLA Liscio,SIBILLA Liscio グラファイト
kw168532629,168532629,SIBILLA Liscio,SIBILLA Liscio チェネレ
kw168532438,168532438,SIBILLA Liscio,SIBILLA Liscio ティー・モロ
kw168532402,168532402,SIBILLA Liscio,SIBILLA Liscio デセルト
kw168532468,168532468,SIBILLA Liscio,SIBILLA Liscio トルケーゼ
kw168532417,168532417,SIBILLA Liscio,SIBILLA Liscio トルトラ
kw168532544,168532544,SIBILLA Liscio,SIBILLA Liscio ネイビー
kw168532644,168532644,SIBILLA Liscio,SIBILLA Liscio ネロ
kw168532449,168532449,SIBILLA Liscio,SIBILLA Liscio フクシア
kw168532457,168532457,SIBILLA Liscio,SIBILLA Liscio マスタード
kw168532516,168532516,SIBILLA Liscio,SIBILLA Liscio マリーネ
kw186289162,186289162,AVANCORPI,AVANCORPI ナチュラル
kw191060393,191060393,AVANCORPI,AVANCORPI ブラウン
kw191473385,191473385,AVANCORPI,AVANCORPI ブラック
kw155709863,155709863,HORSE BUTT,ホースバット ナチュラル
kw159561041,159561041,HORSE BUTT,ホースバット 茶芯ブラック
kw171930317,171930317,SHELL CORDOVAN,シェルコードバン(ROCADO/CLASSIC) ウィスキー
kw171930324,171930324,SHELL CORDOVAN,シェルコードバン(ROCADO/CLASSIC) コニャック
kw171930332,171930332,SHELL CORDOVAN,シェルコードバン(ROCADO/CLASSIC) シエナ
kw171930342,171930342,SHELL CORDOVAN,シェルコードバン(ROCADO/CLASSIC) ダークバーガンディ
kw171930338,171930338,SHELL CORDOVAN,シェルコードバン(ROCADO/CLASSIC) ダークブラウン
kw171930351,171930351,SHELL CORDOVAN,シェルコードバン(ROCADO/CLASSIC) ピンク
kw171930369,171930369,SHELL CORDOVAN,シェルコードバン(ROCADO/CLASSIC) ブラック
kw171930365,171930365,SHELL CORDOVAN,シェルコードバン(ROCADO/CLASSIC) ブルー
kw171930360,171930360,SHELL CORDOVAN,シェルコードバン(ROCADO/CLASSIC) ペトロリオ
kw171930353,171930353,SHELL CORDOVAN,シェルコードバン(ROCADO/CLASSIC) レッド
kw171930418,171930418,SHELL CORDOVAN,シェルコードバン(ROCADO/MARBLED) グリーン
kw171930394,171930394,SHELL CORDOVAN,シェルコードバン(ROCADO/MARBLED) シエナ
kw171930424,171930424,SHELL CORDOVAN,シェルコードバン(ROCADO/MARBLED) トルケーゼ
kw171930400,171930400,SHELL CORDOVAN,シェルコードバン(ROCADO/MARBLED) バーガンディ
kw171930407,171930407,SHELL CORDOVAN,シェルコードバン(ROCADO/MARBLED) ピンク
kw171930388,171930388,SHELL CORDOVAN,シェルコードバン(ROCADO/MARBLED) ブラウン
kw171930433,171930433,SHELL CORDOVAN,シェルコードバン(ROCADO/MARBLED) ブラック
kw171930430,171930430,SHELL CORDOVAN,シェルコードバン(ROCADO/MARBLED) ブルー
kw171930411,171930411,SHELL CORDOVAN,シェルコードバン(ROCADO/MARBLED) レッド
kw175312214,175312214,SHELL CORDOVAN,シェルコードバン(ROCADO/MUSEUM) グリーン
kw175312185,175312185,SHELL CORDOVAN,シェルコードバン(ROCADO/MUSEUM) コニャック
kw175312202,175312202,SHELL CORDOVAN,シェルコードバン(ROCADO/MUSEUM) バーガンディ
kw175312193,175312193,SHELL CORDOVAN,シェルコードバン(ROCADO/MUSEUM) ブラウン
kw186275867,186275867,SHELL CORDOVAN,シェルコードバン(ROCADO/MUSEUM) ブラック
kw175312220,175312220,SHELL CORDOVAN,シェルコードバン(ROCADO/MUSEUM) ブルー
kw175312207,175312207,SHELL CORDOVAN,シェルコードバン(ROCADO/MUSEUM) レッド
kw179755605,179755605,SHELL CORDOVAN,シェルコードバン(ROCADO/NATURAL) ナチュラル
kw158501313,158501313,SHELL CORDOVAN,シェルコードバン(HORWEEN) #4 チョコ
kw158501354,158501354,SHELL CORDOVAN,シェルコードバン(HORWEEN) #8 バーガンディ
kw158501390,158501390,SHELL CORDOVAN,シェルコードバン(HORWEEN) Dコニャック
kw180263913,180263913,SHELL CORDOVAN,シェルコードバン(HORWEEN) グリーン
kw187307532,187307532,SHELL CORDOVAN,シェルコードバン(HORWEEN) バーボン
kw157331202,157331202,SHELL CORDOVAN,シェルコードバン(HORWEEN) ブラック
kw156838223,156838223,CHROMEXCEL,CHROMEXCEL ティンバー
kw144503079,144503079,CHROMEXCEL,CHROMEXCEL ナチュラル
kw156838098,156838098,CHROMEXCEL,CHROMEXCEL バーガンディ
kw156838252,156838252,CHROMEXCEL,CHROMEXCEL ブラック
kw154473133,154473133,DELOREAN,DELOREAN ブラック
kw155490988,155490988,DELOREAN,DELOREAN ホワイト
kw155504309,155504309,DELOREAN,DELOREAN ライトグレー
kw167124351,167124351,LAUNDERED,LAUNDERED オフホワイト
kw167124375,167124375,LAUNDERED,LAUNDERED ブラック
kw168271857,168271857,DRITTON G8,DRITTON G8 ブラック
kw168270372,168270372,DRITTON G8,DRITTON G8 ホワイト
kw159056848,159056848,DROID,DROID アルパイン
kw159055623,159055623,DROID,DROID アンバー
kw159050897,159050897,DROID,DROID アーモンド
kw159056093,159056093,DROID,DROID ウィスキー
kw159056995,159056995,DROID,DROID エスプレッソ
kw159056917,159056917,DROID,DROID オリーブ
kw159056616,159056616,DROID,DROID オーシャン
kw159056893,159056893,DROID,DROID グリーン
kw159054208,159054208,DROID,DROID コニャック
kw159056956,159056956,DROID,DROID コーラ
kw159050298,159050298,DROID,DROID サンド
kw159050790,159050790,DROID,DROID ストーン
kw159050842,159050842,DROID,DROID ナット
kw159050134,159050134,DROID,DROID パウダー
kw159056300,159056300,DROID,DROID ブラウン
kw157911205,157911205,DROID,DROID ブラック
kw159056366,159056366,DROID,DROID ブリック
kw159056414,159056414,DROID,DROID プラム
kw159050069,159050069,DROID,DROID ホワイト
kw159050762,159050762,DROID,DROID マッシュルーム
kw159056681,159056681,DROID,DROID マリーン
kw159050491,159050491,DROID,DROID ムーンロック
kw159057050,159057050,DROID,DROID モカ
kw159056332,159056332,DROID,DROID レッド
kw159056532,159056532,DROID,DROID ロイヤル
kw159056439,159056439,DROID,DROID ワイン
numer_25,143377638,ヌメ革,生成りヌメ革 2.5-3.0mm
kw152579135,152579135,ヌメ革,生成りヌメ革 3.5-4.0mm
kw158695092,158695092,ヌメ革,生成りヌメベリー 2.5-3.0mm
