id,name,pid,site_stock_num,status,checked_at
kw142174893,BULGARO イエロー,142174893,30,in_stock,2026-10-06
kw142174985,BULGARO オリーブ,142174985,64,in_stock,2026-10-06
kw144863774,BULGARO キャメル,144863774,624,in_stock,2026-10-06
kw155783293,BULGARO グリーン,155783293,160,in_stock,2026-10-06
kw153122754,BULGARO グレー,153122754,15,in_stock,2026-10-06
kw142053258,BULGARO コニャック,142053258,273,in_stock,2026-10-06
kw161703674,BULGARO シエナ,161703674,57,in_stock,2026-10-06
kw142044123,BULGARO ダークブラウン,142044123,398,in_stock,2026-10-06
kw142102656,BULGARO ネイビー,142102656,25,in_stock,2026-10-06
kw139897477,BULGARO ブラウン,139897477,256,in_stock,2026-10-06
kw142086646,BULGARO ブラック,142086646,876,in_stock,2026-10-06
kw173296707,BULGARO ブルー,173296707,52,in_stock,2026-10-06
kw144864221,BULGARO レッド,144864221,30,in_stock,2026-10-06
kw153128716,BULGARO ワイン,153128716,60,in_stock,2026-10-06
kw142098205,NEBRASKA イエロー,142098205,38,in_stock,2026-10-06
kw142101001,NEBRASKA オリーブ,142101001,32,in_stock,2026-10-06
kw145547570,NEBRASKA キャメル,145547570,165,in_stock,2026-10-06
kw159900455,NEBRASKA グリーン,159900455,84,in_stock,2026-10-06
kw153747469,NEBRASKA グレー,153747469,8,in_stock,2026-10-06
kw142098655,NEBRASKA コニャック,142098655,73,in_stock,2026-10-06
kw161703649,NEBRASKA シエナ,161703649,63,in_stock,2026-10-06
kw140633732,NEBRASKA ダークブラウン,140633732,175,in_stock,2026-10-06
kw142099497,NEBRASKA ネイビー,142099497,59,in_stock,2026-10-06
kw142064093,NEBRASKA ブラウン,142064093,87,in_stock,2026-10-06
kw142100093,NEBRASKA ブラック,142100093,122,in_stock,2026-10-06
kw173297104,NEBRASKA ブルー,173297104,48,in_stock,2026-10-06
kw145547651,NEBRASKA レッド,145547651,0,sold_out,2026-10-06
kw155783348,NEBRASKA ワイン,155783348,41,in_stock,2026-10-06
kw142277908,TENDER イエロー,142277908,18,in_stock,2026-10-06
kw142278005,TENDER オリーブ,142278005,1,low,2026-10-06
kw162805150,TENDER キャメル,162805150,34,in_stock,2026-10-06
kw164301924,TENDER グレー,164301924,7,in_stock,2026-10-06
kw139898846,TENDER コニャック,139898846,27,in_stock,2026-10-06
kw142277492,TENDER ダークブラウン,142277492,107,in_stock,2026-10-06
kw142278106,TENDER ネイビー,142278106,,fetch_error,2026-10-06
kw142277231,TENDER ブラウン,142277231,73,in_stock,2026-10-06
kw142278160,TENDER ブラック,142278160,392,in_stock,2026-10-06
kw172107644,TENDER ワイン,172107644,2,low,2026-10-06
kw159732492,REVERSO コニャック,159732492,0,sold_out,2026-10-06
kw159732507,REVERSO シエナ,159732507,0,sold_out,2026-10-06
kw159732534,REVERSO ダークブラウン,159732534,0,sold_out,2026-10-06
kw159732636,REVERSO トープ,159732636,20,in_stock,2026-10-06
kw159732602,REVERSO ネイビー,159732602,0,sold_out,2026-10-06
kw159732522,REVERSO ブラウン,159732522,0,sold_out,2026-10-06
kw159732478,REVERSO ブラック,159732478,125,in_stock,2026-10-06
kw159732548,REVERSO レッド,159732548,0,sold_out,2026-10-06
kw159732568,REVERSO ワイン,159732568,0,sold_out,2026-10-06
kw161703696,TWIST アイボリー,161703696,0,sold_out,2026-10-06
kw145958545,TWIST イエロー,145958545,0,sold_out,2026-10-06
kw145959044,TWIST オリーブ,145959044,0,sold_out,2026-10-06
kw145958466,TWIST グレー,145958466,0,sold_out,2026-10-06
kw145958402,TWIST ダークブラウン,145958402,0,sold_out,2026-10-06
kw145958035,TWIST ナチュラル,145958035,0,sold_out,2026-10-06
kw145959279,TWIST ネイビー,145959279,0,sold_out,2026-10-06
kw145958291,TWIST ブラウン,145958291,0,sold_out,2026-10-06
kw155042339,TWIST ブラック,155042339,0,sold_out,2026-10-06
kw145958630,TWIST ワイン,145958630,0,sold_out,2026-10-06
ska46,ALASKA アイスブルー,170150003,61,in_stock,2026-10-06
ska42,ALASKA アイボリー,141898992,155,in_stock,2026-10-06
ska40,ALASKA イエロー,155535744,42,in_stock,2026-10-06
ska31,ALASKA オレンジ,152578876,38,in_stock,2026-10-06
ska43,ALASKA グリーン,155535799,162,in_stock,2026-10-06
ska13,ALASKA グレー,148270635,104,in_stock,2026-10-06
ska34,ALASKA ターコイズ,155536414,22,in_stock,2026-10-06
ska10,ALASKA チョコ,141891418,64,in_stock,2026-10-06
ska01,ALASKA ナチュラル,140336842,288,in_stock,2026-10-06
ska05,ALASKA ビリジアン,170150207,25,in_stock,2026-10-06
ska41,ALASKA ピンク,155536107,32,in_stock,2026-10-06
ska08,ALASKA ブラウン,155535485,22,in_stock,2026-10-06
ska12,ALASKA ブラック,141893632,353,in_stock,2026-10-06
ska16,ALASKA ブルー,148270455,0,sold_out,2026-10-06
ska06,ALASKA ラズベリー,152578868,8,in_stock,2026-10-06
ska33,ALASKA レッド,155536219,7,in_stock,2026-10-06
kw169160973,AMAZZONIA イエロー,169160973,27,in_stock,2026-10-06
kw156744633,AMAZZONIA オリーブ,156744633,34,in_stock,2026-10-06
kw156744560,AMAZZONIA グリーン,156744560,67,in_stock,2026-10-06
kw156744695,AMAZZONIA グレー,156744695,29,in_stock,2026-10-06
kw169161060,AMAZZONIA ターコイズ,169161060,0,sold_out,2026-10-06
kw155784895,AMAZZONIA ダークブラウン,155784895,25,in_stock,2026-10-06
kw140634418,AMAZZONIA チョコ,140634418,11,in_stock,2026-10-06
kw156744751,AMAZZONIA ネイビー,156744751,13,in_stock,2026-10-06
kw141886381,AMAZZONIA ブラウン,141886381,766,in_stock,2026-10-06
kw141882810,AMAZZONIA ブラック,141882810,300,in_stock,2026-10-06
kw143375840,AMAZZONIA ブルー,143375840,,fetch_error,2026-10-06
kw141887558,AMAZZONIA レッド,141887558,,fetch_error,2026-10-06
kw156742684,AMAZZONIA ワイン,156742684,,fetch_error,2026-10-06
kw142151566,CRUST エバノ,142151566,52,in_stock,2026-10-06
kw142151977,CRUST コバルト,142151977,16,in_stock,2026-10-06
kw142151264,CRUST ジアロ,142151264,30,in_stock,2026-10-06
kw176481776,CRUST ナチュラーレ,176481776,13,in_stock,2026-10-06
kw142152473,CRUST ネロ,142152473,191,in_stock,2026-10-06
kw171321838,CRUST マローネ,171321838,16,in_stock,2026-10-06
kw171321870,CRUST ミリターレ,171321870,16,in_stock,2026-10-06
kw142151671,CRUST ロッソ,142151671,19,in_stock,2026-10-06
kw163439114,COUNTRY グレー,163439114,4,in_stock,2026-10-06
kw163434696,COUNTRY ダークブラウン,163434696,9,in_stock,2026-10-06
kw163434660,COUNTRY ナチュラル,163434660,23,in_stock,2026-10-06
kw163434683,COUNTRY ブラウン,163434683,25,in_stock,2026-10-06
kw163439240,COUNTRY ブラック,163439240,0,sold_out,2026-10-06
kw163439020,COUNTRY ブルー,163439020,38,in_stock,2026-10-06
kw163439070,COUNTRY ベージュ,163439070,67,in_stock,2026-10-06
kw163434620,COUNTRY ホワイト,163434620,19,in_stock,2026-10-06
kw163438954,COUNTRY レッド,163438954,18,in_stock,2026-10-06
kw163438818,COUNTRY ヴァイオレット,163438818,34,in_stock,2026-10-06
mano08,MARIANO オリーブ,189376362,57,in_stock,2026-10-06
mano13,MARIANO グレー,189376376,46,in_stock,2026-10-06
mano32,MARIANO ダークブラウン,189376357,47,in_stock,2026-10-06
mano01,MARIANO ナチュラル,189376345,34,in_stock,2026-10-06
mano18,MARIANO ネイビー,189376367,30,in_stock,2026-10-06
mano06,MARIANO ブラウン,189376351,13,in_stock,2026-10-06
mano07,MARIANO ブラック,189376385,64,in_stock,2026-10-06
kw177973946,LINEA VASCA Liscio オルティーカ,177973946,78,in_stock,2026-10-06
kw177973886,LINEA VASCA Liscio カスターニャ,177973886,69,in_stock,2026-10-06
kw177973956,LINEA VASCA Liscio コバルト,177973956,68,in_stock,2026-10-06
kw177973864,LINEA VASCA Liscio セサンタ（60）,177973864,59,in_stock,2026-10-06
kw177973871,LINEA VASCA Liscio ダークブラウン,177973871,33,in_stock,2026-10-06
kw177973968,LINEA VASCA Liscio トッポ,177973968,114,in_stock,2026-10-06
kw180707713,LINEA VASCA Liscio トルケーゼ,180707713,90,in_stock,2026-10-06
kw180707712,LINEA VASCA Liscio ナチュラーレ,180707712,56,in_stock,2026-10-06
kw177973960,LINEA VASCA Liscio ネイビー,177973960,23,in_stock,2026-10-06
kw177973979,LINEA VASCA Liscio ネロ,177973979,155,in_stock,2026-10-06
kw177973910,LINEA VASCA Liscio フクシア,177973910,66,in_stock,2026-10-06
kw177973918,LINEA VASCA Liscio フラゴラ,177973918,51,in_stock,2026-10-06
kw177973924,LINEA VASCA Liscio ヴェルデ,177973924,40,in_stock,2026-10-06
lvb_ort,LINEA VASCA Box オルティーカ,174657061,56,in_stock,2026-10-06
lvb_cas,LINEA VASCA Box カスターニャ,174657044,0,sold_out,2026-10-06
lvb_cob,LINEA VASCA Box コバルト,174657065,57,in_stock,2026-10-06
lvb_ses,LINEA VASCA Box セサンタ（60）,174657027,25,in_stock,2026-10-06
lvb_dkb,LINEA VASCA Box ダークブラウン,174657035,80,in_stock,2026-10-06
lvb_top,LINEA VASCA Box トッポ（灰）,174657080,105,in_stock,2026-10-06
lvb_tur,LINEA VASCA Box トルケーゼ,180707715,17,in_stock,2026-10-06
lvb_nat,LINEA VASCA Box ナチュラーレ,180707714,78,in_stock,2026-10-06
lvb_nav,LINEA VASCA Box ネイビー,174657071,14,in_stock,2026-10-06
lvb_ner,LINEA VASCA Box ネロ（黒）,174657087,4,in_stock,2026-10-06
lvb_fux,LINEA VASCA Box フクシア,174657048,138,in_stock,2026-10-06
lvb_fra,LINEA VASCA Box フラゴラ,174657051,15,in_stock,2026-10-06
lvb_ver,LINEA VASCA Box ヴェルデ（緑）,174657054,25,in_stock,2026-10-06
mfog_all,MARGOT FOG アローロ,174217722,18,in_stock,2026-10-06
mfog_cas,MARGOT FOG カスターニャ,174217690,38,in_stock,2026-10-06
mfog_cob,MARGOT FOG コバルト,174218213,41,in_stock,2026-10-06
mfog_gir,MARGOT FOG ジラソーレ,174217715,42,in_stock,2026-10-06
mfog_top,MARGOT FOG トッポ（灰）,174218224,48,in_stock,2026-10-06
mfog_tur,MARGOT FOG トルケーゼ（青緑）,174217729,41,in_stock,2026-10-06
mfog_nat,MARGOT FOG ナチュラーレ,174217652,26,in_stock,2026-10-06
mfog_nav,MARGOT FOG ネイビー,174218218,47,in_stock,2026-10-06
mfog_ner,MARGOT FOG ネロ（黒）,174218268,69,in_stock,2026-10-06
mfog_fux,MARGOT FOG フクシア,174217697,38,in_stock,2026-10-06
mfog_fra,MARGOT FOG フラゴラ,174217708,24,in_stock,2026-10-06
mfog_brn,MARGOT FOG ブラウン,174217655,78,in_stock,2026-10-06
mg_all,MARGOT アローロ,158805427,160,in_stock,2026-10-06
kw188691587,MARGOT アヴィオ,188691587,46,in_stock,2026-10-06
mg_olm,MARGOT オルモ,183786767,59,in_stock,2026-10-06
mg_top,MARGOT トッポ（灰）,158805672,240,in_stock,2026-10-06
kw142026124,MARGOT コバルト,142026124,245,in_stock,2026-10-06
mg_gir,MARGOT ジラソーレ,142042006,123,in_stock,2026-10-06
mg_dkb,MARGOT ダークブラウン,140633333,175,in_stock,2026-10-06
mg_cas,MARGOT カスターニャ,166876910,214,in_stock,2026-10-06
mg_tur,MARGOT トルケーゼ,170334361,316,in_stock,2026-10-06
mg_nat,MARGOT ナチュラーレ,166876687,195,in_stock,2026-10-06
mg_nav,MARGOT ネイビー,158805629,137,in_stock,2026-10-06
mg_bur,MARGOT バーガンディ,183827962,99,in_stock,2026-10-06
mg_fie,MARGOT フィエーノ,183827901,82,in_stock,2026-10-06
mg_fux,MARGOT フクシア,166877020,234,in_stock,2026-10-06
mg_fra,MARGOT フラゴラ,158805363,64,in_stock,2026-10-06
mg_brn,MARGOT ブラウン,142042272,415,in_stock,2026-10-06
mg_ner,MARGOT ネロ（黒）,142026525,691,in_stock,2026-10-06
kw188691341,MARGOT プラト,188691341,55,in_stock,2026-10-06
mg_bos,MARGOT ボスコ,183828000,120,in_stock,2026-10-06
mg_man,MARGOT マンダリーノ,158805358,4,in_stock,2026-10-06
mg_men,MARGOT メンタ（薄緑）,166877083,92,in_stock,2026-10-06
mg_lil,MARGOT リラ（薄紫）,166876967,120,in_stock,2026-10-06
mg_ros,MARGOT ローサ（桃）,188691265,62,in_stock,2026-10-06
kw176618416,TEXAS アガベ,176618416,82,in_stock,2026-10-06
kw176617989,TEXAS アンブラ,176617989,86,in_stock,2026-10-06
kw176618366,TEXAS オクラ,176618366,81,in_stock,2026-10-06
kw176146678,TEXAS キャメロ,176146678,23,in_stock,2026-10-06
kw176618223,TEXAS クオイオ,176618223,21,in_stock,2026-10-06
kw176618274,TEXAS シエナ,176618274,40,in_stock,2026-10-06
kw176618310,TEXAS ティー・モロ,176618310,86,in_stock,2026-10-06
kw176618431,TEXAS ネイビー,176618431,8,in_stock,2026-10-06
kw176618488,TEXAS ネロ,176618488,202,in_stock,2026-10-06
kw176618285,TEXAS パパヤ,176618285,0,sold_out,2026-10-06
kw176618472,TEXAS ピオンボ,176618472,95,in_stock,2026-10-06
kw176618348,TEXAS フィエスタ,176618348,0,sold_out,2026-10-06
kw176618328,TEXAS プルーニャ,176618328,32,in_stock,2026-10-06
kw176618374,TEXAS ラトゥーガ,176618374,69,in_stock,2026-10-06
kw176618445,TEXAS ヴィオラ,176618445,1,low,2026-10-06
kw176618381,TEXAS ヴェルデ,176618381,48,in_stock,2026-10-06
kw172113060,SIBILLA Liscio アガベ,172113060,20,in_stock,2026-10-06
kw168532565,SIBILLA Liscio イリス,168532565,29,in_stock,2026-10-06
kw175192406,SIBILLA Liscio クロロフィラ,175192406,53,in_stock,2026-10-06
kw168532634,SIBILLA Liscio グラファイト,168532634,27,in_stock,2026-10-06
kw168532629,SIBILLA Liscio チェネレ,168532629,102,in_stock,2026-10-06
kw168532438,SIBILLA Liscio ティー・モロ,168532438,11,in_stock,2026-10-06
kw168532402,SIBILLA Liscio デセルト,168532402,23,in_stock,2026-10-06
kw168532468,SIBILLA Liscio トルケーゼ,168532468,93,in_stock,2026-10-06
kw168532417,SIBILLA Liscio トルトラ,168532417,7,in_stock,2026-10-06
kw168532544,SIBILLA Liscio ネイビー,168532544,5,in_stock,2026-10-06
kw168532644,SIBILLA Liscio ネロ,168532644,100,in_stock,2026-10-06
kw168532449,SIBILLA Liscio フクシア,168532449,21,in_stock,2026-10-06
kw168532457,SIBILLA Liscio マスタード,168532457,8,in_stock,2026-10-06
kw168532516,SIBILLA Liscio マリーネ,168532516,1,low,2026-10-06
kw186289162,AVANCORPI ナチュラル,186289162,100,in_stock,2026-10-06
kw191060393,AVANCORPI ブラウン,191060393,17,in_stock,2026-10-06
kw191473385,AVANCORPI ブラック,191473385,50,in_stock,2026-10-06
kw155709863,ホースバット ナチュラル,155709863,5,in_stock,2026-10-06
kw159561041,ホースバット 茶芯ブラック,159561041,20,in_stock,2026-10-06
kw171930317,シェルコードバン(ROCADO/CLASSIC) ウィスキー,171930317,9,in_stock,2026-10-06
kw171930324,シェルコードバン(ROCADO/CLASSIC) コニャック,171930324,1,low,2026-10-06
kw171930332,シェルコードバン(ROCADO/CLASSIC) シエナ,171930332,2,low,2026-10-06
kw171930342,シェルコードバン(ROCADO/CLASSIC) ダークバーガンディ,171930342,3,in_stock,2026-10-06
kw171930338,シェルコードバン(ROCADO/CLASSIC) ダークブラウン,171930338,0,sold_out,2026-10-06
kw171930351,シェルコードバン(ROCADO/CLASSIC) ピンク,171930351,7,in_stock,2026-10-06
kw171930369,シェルコードバン(ROCADO/CLASSIC) ブラック,171930369,11,in_stock,2026-10-06
kw171930365,シェルコードバン(ROCADO/CLASSIC) ブルー,171930365,12,in_stock,2026-10-06
kw171930360,シェルコードバン(ROCADO/CLASSIC) ペトロリオ,171930360,21,in_stock,2026-10-06
kw171930353,シェルコードバン(ROCADO/CLASSIC) レッド,171930353,0,sold_out,2026-10-06
kw171930418,シェルコードバン(ROCADO/MARBLED) グリーン,171930418,4,in_stock,2026-10-06
kw171930394,シェルコードバン(ROCADO/MARBLED) シエナ,171930394,16,in_stock,2026-10-06
kw171930424,シェルコードバン(ROCADO/MARBLED) トルケーゼ,171930424,3,in_stock,2026-10-06
kw171930400,シェルコードバン(ROCADO/MARBLED) バーガンディ,171930400,9,in_stock,2026-10-06
kw171930407,シェルコードバン(ROCADO/MARBLED) ピンク,171930407,4,in_stock,2026-10-06
kw171930388,シェルコードバン(ROCADO/MARBLED) ブラウン,171930388,6,in_stock,2026-10-06
kw171930433,シェルコードバン(ROCADO/MARBLED) ブラック,171930433,7,in_stock,2026-10-06
kw171930430,シェルコードバン(ROCADO/MARBLED) ブルー,171930430,0,sold_out,2026-10-06
kw171930411,シェルコードバン(ROCADO/MARBLED) レッド,171930411,2,low,2026-10-06
kw175312214,シェルコードバン(ROCADO/MUSEUM) グリーン,175312214,4,in_stock,2026-10-06
kw175312185,シェルコードバン(ROCADO/MUSEUM) コニャック,175312185,4,in_stock,2026-10-06
kw175312202,シェルコードバン(ROCADO/MUSEUM) バーガンディ,175312202,0,sold_out,2026-10-06
kw175312193,シェルコードバン(ROCADO/MUSEUM) ブラウン,175312193,4,in_stock,2026-10-06
kw186275867,シェルコードバン(ROCADO/MUSEUM) ブラック,186275867,0,sold_out,2026-10-06
kw175312220,シェルコードバン(ROCADO/MUSEUM) ブルー,175312220,8,in_stock,2026-10-06
kw175312207,シェルコードバン(ROCADO/MUSEUM) レッド,175312207,3,in_stock,2026-10-06
kw179755605,シェルコードバン(ROCADO/NATURAL) ナチュラル,179755605,0,sold_out,2026-10-06
kw158501313,シェルコードバン(HORWEEN) #4 チョコ,158501313,0,sold_out,2026-10-06
kw158501354,シェルコードバン(HORWEEN) #8 バーガンディ,158501354,6,in_stock,2026-10-06
kw158501390,シェルコードバン(HORWEEN) Dコニャック,158501390,7,in_stock,2026-10-06
kw180263913,シェルコードバン(HORWEEN) グリーン,180263913,3,in_stock,2026-10-06
kw187307532,シェルコードバン(HORWEEN) バーボン,187307532,1,low,2026-10-06
kw157331202,シェルコードバン(HORWEEN) ブラック,157331202,8,in_stock,2026-10-06
kw156838223,CHROMEXCEL ティンバー,156838223,0,sold_out,2026-10-06
kw144503079,CHROMEXCEL ナチュラル,144503079,2,low,2026-10-06
kw156838098,CHROMEXCEL バーガンディ,156838098,0,sold_out,2026-10-06
kw156838252,CHROMEXCEL ブラック,156838252,0,sold_out,2026-10-06
kw154473133,DELOREAN ブラック,154473133,5,in_stock,2026-10-06
kw155490988,DELOREAN ホワイト,155490988,20,in_stock,2026-10-06
kw155504309,DELOREAN ライトグレー,155504309,7,in_stock,2026-10-06
kw167124351,LAUNDERED オフホワイト,167124351,7,in_stock,2026-10-06
kw167124375,LAUNDERED ブラック,167124375,7,in_stock,2026-10-06
kw168271857,DRITTON G8 ブラック,168271857,15,in_stock,2026-10-06
kw168270372,DRITTON G8 ホワイト,168270372,3,in_stock,2026-10-06
kw159056848,DROID アルパイン,159056848,10,in_stock,2026-10-06
kw159055623,DROID アンバー,159055623,3,in_stock,2026-10-06
kw159050897,DROID アーモンド,159050897,12,in_stock,2026-10-06
kw159056093,DROID ウィスキー,159056093,25,in_stock,2026-10-06
kw159056995,DROID エスプレッソ,159056995,10,in_stock,2026-10-06
kw159056917,DROID オリーブ,159056917,15,in_stock,2026-10-06
kw159056616,DROID オーシャン,159056616,3,in_stock,2026-10-06
kw159056893,DROID グリーン,159056893,10,in_stock,2026-10-06
kw159054208,DROID コニャック,159054208,1,low,2026-10-06
kw159056956,DROID コーラ,159056956,9,in_stock,2026-10-06
kw159050298,DROID サンド,159050298,22,in_stock,2026-10-06
kw159050790,DROID ストーン,159050790,15,in_stock,2026-10-06
kw159050842,DROID ナット,159050842,16,in_stock,2026-10-06
kw159050134,DROID パウダー,159050134,9,in_stock,2026-10-06
kw159056300,DROID ブラウン,159056300,20,in_stock,2026-10-06
kw157911205,DROID ブラック,157911205,50,in_stock,2026-10-06
kw159056366,DROID ブリック,159056366,7,in_stock,2026-10-06
kw159056414,DROID プラム,159056414,3,in_stock,2026-10-06
kw159050069,DROID ホワイト,159050069,0,sold_out,2026-10-06
kw159050762,DROID マッシュルーム,159050762,3,in_stock,2026-10-06
kw159056681,DROID マリーン,159056681,3,in_stock,2026-10-06
kw159050491,DROID ムーンロック,159050491,0,sold_out,2026-10-06
kw159057050,DROID モカ,159057050,0,sold_out,2026-10-06
kw159056332,DROID レッド,159056332,18,in_stock,2026-10-06
kw159056532,DROID ロイヤル,159056532,18,in_stock,2026-10-06
kw159056439,DROID ワイン,159056439,14,in_stock,2026-10-06
numer_25,生成りヌメ革 2.5-3.0mm,143377638,13,in_stock,2026-10-06
kw152579135,生成りヌメ革 3.5-4.0mm,152579135,1,low,2026-10-06
kw158695092,生成りヌメベリー 2.5-3.0mm,158695092,0,sold_out,2026-10-06
