planner_type,ring_id,series,series_label,maker,size_label,size_mm,color_id,color_label,finish_label,check_enabled,ui_visible,ui_order,price_jpy,stock_status,stock_qty,lead_time_days,monitor_enabled,price_min_jpy,price_max_jpy,preferred_source_shop,preferred_source_url,preferred_source_price_jpy,preferred_source_shipping_jpy,preferred_last_checked,source_shop_1,source_url_1,source_price_1_jpy,source_shipping_1_jpy,source_checked_1,source_shop_2,source_url_2,source_price_2_jpy,source_shipping_2_jpy,source_checked_2,source_shop_3,source_url_3,source_price_3_jpy,source_shipping_3_jpy,source_checked_3,crawl_updated_flag,crawl_updated_at_jst,crawl_updated_run_id,crawl_updated_from_shop,note
Mini6,r15,normal,通常リング,,15mm,15,silver,シルバー,ニッケル,TRUE,TRUE,10,1000,in_stock,1,,TRUE,,,,,,,,,,,,,,,,,,,,,,通常リング標準候補,,,,,
Mini6,r15,normal,通常リング,,15mm,15,gold,ゴールド,ゴールド,TRUE,TRUE,11,1500,in_stock,1,,TRUE,,,,,,,,,,,,,,,,,,,,,,通常リング標準候補,,,,,
Mini6,r15,normal,通常リング,,15mm,15,pinkgold,ピンクゴールド,ピンクゴールド,TRUE,TRUE,12,1500,in_stock,1,,TRUE,,,,,,,,,,,,,,,,,,,,,,通常リング標準候補,,,,,
Mini6,r15,normal,通常リング,,15mm,15,black,ブラック,ブラック,TRUE,TRUE,13,1500,in_stock,0,,FALSE,,,,,,,,,,,,,,,,,,,,,,通常リング標準候補,,,,,
A6,r20,normal,通常リング,,19mm,19,silver,シルバー,ニッケル,TRUE,TRUE,20,5506,in_stock,5,,TRUE,,,,,2753,,,,,,,,,,,,,,,,,画面表示は19mm,,,,,
A6,r20,normal,通常リング,,19mm,19,gold,ゴールド,ゴールド,TRUE,TRUE,21,5506,in_stock,1,,FALSE,,,,,2753,,,,,,,,,,,,,,,,,画面表示は19mm,,,,,
A6,r20,normal,通常リング,,19mm,19,pinkgold,ピンクゴールド,ピンクゴールド,TRUE,TRUE,22,5506,in_stock,0,,FALSE,,,,,2753,,,,,,,,,,,,,,,,,画面表示は19mm,,,,,
A6,r20,normal,通常リング,,19mm,19,black,ブラック,ブラック,TRUE,TRUE,23,1500,in_stock,0,,FALSE,,,,,,,,,,,,,,,,,,,,,,画面表示は19mm,,,,,
Bible,r25,normal,通常リング,,25mm,25,silver,シルバー,ニッケル,TRUE,TRUE,30,880,in_stock,1,,FALSE,880,880,Gadget Store,https://gadget.ocnk.net/product/267,880,0,2026-08-20,Gadget Store,https://gadget.ocnk.net/product/267,880,0,2026-08-20,,,,,,,,,,通常リング標準候補,TRUE,2026-08-09 08:36:00,20260809-083525,Gadget Store,
Bible,r25,normal,通常リング,,25mm,25,gold,ゴールド,ゴールド,TRUE,TRUE,31,1500,in_stock,1,,FALSE,,,,,,,,,,,,,,,,,,,,,,通常リング標準候補,,,,,
Bible,r25,normal,通常リング,,25mm,25,pinkgold,ピンクゴールド,ピンクゴールド,TRUE,TRUE,32,1500,in_stock,1,,FALSE,,,,,,,,,,,,,,,,,,,,,,通常リング標準候補,,,,,
Bible,r25,normal,通常リング,,25mm,25,black,ブラック,ブラック,TRUE,TRUE,33,1500,in_stock,0,,FALSE,,,,,,,,,,,,,,,,,,,,,,通常リング標準候補,,,,,
A5,r30,normal,通常リング,,30mm,30,silver,シルバー,ニッケル,TRUE,TRUE,40,1000,in_stock,1,,FALSE,,,,,,,,,,,,,,,,,,,,,,通常リング標準候補,,,,,
A5,r30,normal,通常リング,,30mm,30,gold,ゴールド,ゴールド,TRUE,TRUE,41,1500,in_stock,1,,FALSE,,,,,,,,,,,,,,,,,,,,,,通常リング標準候補,,,,,
A5,r30,normal,通常リング,,30mm,30,pinkgold,ピンクゴールド,ピンクゴールド,TRUE,TRUE,42,1500,in_stock,1,,FALSE,,,,,,,,,,,,,,,,,,,,,,通常リング標準候補,,,,,
A5,r30,normal,通常リング,,30mm,30,black,ブラック,ブラック,TRUE,TRUE,43,1500,in_stock,0,,FALSE,,,,,,,,,,,,,,,,,,,,,,通常リング標準候補,,,,,
Micro5,kl08,klause,クラウゼリング,KRAUSE,8mm,8,silver,シルバー,ニッケル,TRUE,TRUE,100,3000,in_stock,0,,TRUE,,,,,1500,,,,,,,,,,,,,,,,,Micro5専用,,,,,
Micro5,kl11,klause,クラウゼリング,KRAUSE,11mm,11,silver,シルバー,ニッケル,TRUE,TRUE,110,1177,in_stock,0,,TRUE,1177,1177,レザークラフト材料専門店ぱれっと,https://item.rakuten.co.jp/lc-palette/eg1013/,1177,0,2026-08-20,レザークラフト材料専門店ぱれっと,https://item.rakuten.co.jp/lc-palette/eg1013/,1177,0,2026-08-20,,,,,,,,,,Micro5専用,TRUE,2026-08-09 08:30:19,20260809-082943,レザークラフト材料専門店ぱれっと,
Micro5,kl13,klause,クラウゼリング,KRAUSE,13mm,13,silver,シルバー,ニッケル,TRUE,TRUE,120,1386,in_stock,1,,TRUE,1386,1386,レザークラフト材料専門店ぱれっと,https://item.rakuten.co.jp/lc-palette/eg1076/,1386,0,2026-08-20,レザークラフト材料専門店ぱれっと,https://item.rakuten.co.jp/lc-palette/eg1076/,1386,0,2026-08-20,,,,,,,,,,Micro5専用,TRUE,2026-08-09 08:30:31,20260809-082943,レザークラフト材料専門店ぱれっと,
Mini6,kl15,klause,クラウゼリング,KRAUSE,15mm,15,silver,シルバー,ニッケル,TRUE,TRUE,130,3300,in_stock,1,,TRUE,,,,,,,,,,,,,,,,,,,,,,クラウゼ標準候補,,,,,
A5,kl20,klause,クラウゼリング,KRAUSE,20mm,20,silver,シルバー,ニッケル,TRUE,TRUE,140,2750,in_stock,1,,TRUE,2750,2750,Rakuten lc-palette,https://item.rakuten.co.jp/lc-palette/e73061p/,2750,0,2026-08-20,Rakuten lc-palette,https://item.rakuten.co.jp/lc-palette/e73061p/,2750,0,2026-08-20,レザークラフト材料専門店ぱれっと,https://item.rakuten.co.jp/lc-palette/e73061p/,2750,0,2026-08-20,,,,,A6実写あり,TRUE,2026-08-09 08:30:31,20260809-082943,レザークラフト材料専門店ぱれっと,
A5,kl20,klause,クラウゼリング,KRAUSE,20mm,20,gold,ゴールド,本金,TRUE,TRUE,141,4785,in_stock,1,,TRUE,4785,4785,Rakuten lc-palette,https://item.rakuten.co.jp/lc-palette/e73061p/,4785,0,2026-08-20,Rakuten lc-palette,https://item.rakuten.co.jp/lc-palette/e73061p/,4785,0,2026-08-20,レザークラフト材料専門店ぱれっと,https://item.rakuten.co.jp/lc-palette/e73061p/,4785,0,2026-08-20,,,,,A6実写あり,TRUE,2026-08-09 08:30:31,20260809-082943,レザークラフト材料専門店ぱれっと,
A5,kl20,klause,クラウゼリング,KRAUSE,20mm,20,pinkgold,ピンクゴールド,ピンクゴールド,TRUE,TRUE,142,4785,in_stock,1,,TRUE,4785,4785,Rakuten lc-palette,https://item.rakuten.co.jp/lc-palette/e73061p/,4785,0,2026-08-20,Rakuten lc-palette,https://item.rakuten.co.jp/lc-palette/e73061p/,4785,0,2026-08-20,レザークラフト材料専門店ぱれっと,https://item.rakuten.co.jp/lc-palette/e73061p/,4785,0,2026-08-20,,,,,A6実写あり,TRUE,2026-08-09 08:30:31,20260809-082943,レザークラフト材料専門店ぱれっと,
A5,kl20,klause,クラウゼリング,KRAUSE,20mm,20,black,ブラックゴールド,黒ニッケル,TRUE,TRUE,143,4631,in_stock,0,,TRUE,4631,4631,Rakuten lc-palette,https://item.rakuten.co.jp/lc-palette/e73061p/,4631,0,2026-08-20,Rakuten lc-palette,https://item.rakuten.co.jp/lc-palette/e73061p/,4631,0,2026-08-20,レザークラフト材料専門店ぱれっと,https://item.rakuten.co.jp/lc-palette/e73061p/,4631,0,2026-08-20,,,,,A6実写あり,TRUE,2026-08-09 08:30:31,20260809-082943,レザークラフト材料専門店ぱれっと,
Bible,kl25,klause,クラウゼリング,KRAUSE,25mm,25,silver,シルバー,ニッケル,TRUE,TRUE,150,1771,in_stock,1,,TRUE,1771,1771,レザークラフト材料専門店ぱれっと,https://item.rakuten.co.jp/lc-palette/eg1017/,1771,0,2026-08-20,レザークラフト材料専門店ぱれっと,https://item.rakuten.co.jp/lc-palette/eg1017/,1771,0,2026-08-20,,,,,,,,,,クラウゼ標準候補,TRUE,2026-08-09 08:30:43,20260809-082943,レザークラフト材料専門店ぱれっと,
A5,kl30,klause,クラウゼリング,KRAUSE,30mm,30,silver,シルバー,ニッケル,TRUE,TRUE,160,3355,in_stock,1,,TRUE,3355,3355,レザークラフト材料専門店ぱれっと,https://item.rakuten.co.jp/lc-palette/eg1077/,3355,0,2026-08-20,レザークラフト材料専門店ぱれっと,https://item.rakuten.co.jp/lc-palette/eg1077/,3355,0,2026-08-20,,,,,,,,,,クラウゼ標準候補,TRUE,2026-08-09 08:30:54,20260809-082943,レザークラフト材料専門店ぱれっと,
Mini6,m6k20,klause,クラウゼリング,KRAUSE,20mm,20,black,ブラック,ブラック,TRUE,TRUE,161,2937,in_stock,2,,FALSE,2937,2937,レザークラフト材料専門店ぱれっと,https://item.rakuten.co.jp/lc-palette/eg1075/,2937,0,2026-08-20,レザークラフト材料専門店ぱれっと,https://item.rakuten.co.jp/lc-palette/eg1075/,2937,0,2026-08-20,,,,,,,,,,,TRUE,2026-08-09 08:36:57,20260809-083525,レザークラフト材料専門店ぱれっと,
Mini6,m6k20,klause,クラウゼリング,KRAUSE,20mm,20,gold,ゴールド,ゴールド,TRUE,TRUE,162,3000,in_stock,2,,FALSE,,,,,,,,,,,,,,,,,,,,,,,,,,,
Micro5,m5n15,normal,通常リング,,15mm,15,silver,シルバー,シルバー,TRUE,TRUE,163,1500,in_stock,10,,FALSE,,,,,,,,,,,,,,,,,,,,,,,,,,,
Micro5,m5k8,klause,クラウゼリング,,8mm,8,silver,シルバー,シルバー,TRUE,TRUE,164,3000,in_stock,1,,FALSE,,,,,,,,,,,,,,,,,,,,,,,,,,,
Micro5,m5n20,normal,通常リング,,20mm,20,silver,シルバー,シルバー,TRUE,TRUE,165,2000,in_stock,10,,FALSE,,,,,,,,,,,,,,,,,,,,,,,,,,,
Micro5,m5n25,normal,通常リング,,25mm,25,silver,シルバー,シルバー,TRUE,TRUE,166,2000,in_stock,10,,FALSE,,,,,,,,,,,,,,,,,,,,,,,,,,,
Mini6,m6n10,normal,通常リング,,10mm,10,silver,シルバー,シルバー,TRUE,TRUE,169,550,in_stock,1,,FALSE,550,550,Gadget Store,https://gadget.ocnk.net/product/272,550,0,2026-08-20,Gadget Store,https://gadget.ocnk.net/product/272,550,0,2026-08-20,,,,,,,,,,,TRUE,2026-08-09 08:36:59,20260809-083525,Gadget Store,
A6,a6k20,klause,クラウゼリング,,20mm,20,gold,ゴールド,ゴールド,TRUE,TRUE,170,5000,in_stock,10,,FALSE,,,,,,,,,,,,,,,,,,,,,,,,,,,
A6,a6k20,klause,クラウゼリング,,20mm,20,silver,シルバー,シルバー,TRUE,TRUE,171,5000,in_stock,10,,FALSE,,,,,,,,,,,,,,,,,,,,,,,,,,,
A6,a6n30,normal,通常リング,,30mm,30,silver,シルバー,シルバー,TRUE,TRUE,172,5000,in_stock,10,,FALSE,,,,,,,,,,,,,,,,,,,,,,,,,,,
Mini6,m6k10,klause,クラウゼリング,,10mm,10,gold,ゴールド,ゴールド,TRUE,TRUE,173,1500,in_stock,1,,FALSE,1500,1500,Gadget Store 楽天市場店,https://item.rakuten.co.jp/gadgetstore/c127-6-10/?variantId=r-sku00000002&s-id=ph_pc_itemname,1210,290,2026-08-05,,,,,,,,,,,,,,,,,,,,
Micro5,kl11,klause,クラウゼリング,KRAUSE,11mm,11,gold,ゴールド,本金,TRUE,TRUE,174,2079,in_stock,1,,FALSE,2079,2079,レザークラフト材料専門店ぱれっと,https://item.rakuten.co.jp/lc-palette/eg1013/,2079,0,2026-08-20,レザークラフト材料専門店ぱれっと,https://item.rakuten.co.jp/lc-palette/eg1013/,2079,0,2026-08-20,,,,,,,,,,,TRUE,2026-08-09 08:31:06,20260809-082943,レザークラフト材料専門店ぱれっと,ネット調査登録2026-08-08・実在庫要確認
Micro5,kl11,klause,クラウゼリング,KRAUSE,11mm,11,black,ブラック,黒ニッケル,TRUE,TRUE,175,1925,in_stock,1,,FALSE,1925,1925,レザークラフト材料専門店ぱれっと,https://item.rakuten.co.jp/lc-palette/eg1013/,1925,0,2026-08-20,レザークラフト材料専門店ぱれっと,https://item.rakuten.co.jp/lc-palette/eg1013/,1925,0,2026-08-20,,,,,,,,,,,TRUE,2026-08-09 08:31:06,20260809-082943,レザークラフト材料専門店ぱれっと,ネット調査登録2026-08-08・実在庫要確認
Micro5,kl11,klause,クラウゼリング,KRAUSE,11mm,11,pinkgold,ピンクゴールド,ピンクゴールド,TRUE,TRUE,176,2079,in_stock,1,,FALSE,2079,2079,レザークラフト材料専門店ぱれっと,https://item.rakuten.co.jp/lc-palette/eg1013/,2079,0,2026-08-20,レザークラフト材料専門店ぱれっと,https://item.rakuten.co.jp/lc-palette/eg1013/,2079,0,2026-08-20,,,,,,,,,,,TRUE,2026-08-09 08:31:06,20260809-082943,レザークラフト材料専門店ぱれっと,ネット調査登録2026-08-08・実在庫要確認
Micro5,kl13,klause,クラウゼリング,KRAUSE,13mm,13,gold,ゴールド,本金,TRUE,TRUE,177,2321,in_stock,1,,FALSE,2321,2321,レザークラフト材料専門店ぱれっと,https://item.rakuten.co.jp/lc-palette/eg1076/,2321,0,2026-08-20,レザークラフト材料専門店ぱれっと,https://item.rakuten.co.jp/lc-palette/eg1076/,2321,0,2026-08-20,,,,,,,,,,,TRUE,2026-08-09 08:31:06,20260809-082943,レザークラフト材料専門店ぱれっと,ネット調査登録2026-08-08・実在庫要確認
Micro5,kl13,klause,クラウゼリング,KRAUSE,13mm,13,black,ブラック,黒ニッケル,TRUE,TRUE,178,2167,in_stock,1,,FALSE,2167,2167,レザークラフト材料専門店ぱれっと,https://item.rakuten.co.jp/lc-palette/eg1076/,2167,0,2026-08-20,レザークラフト材料専門店ぱれっと,https://item.rakuten.co.jp/lc-palette/eg1076/,2167,0,2026-08-20,,,,,,,,,,,TRUE,2026-08-09 08:31:06,20260809-082943,レザークラフト材料専門店ぱれっと,ネット調査登録2026-08-08・実在庫要確認
Micro5,kl13,klause,クラウゼリング,KRAUSE,13mm,13,pinkgold,ピンクゴールド,ピンクゴールド,TRUE,TRUE,179,2321,in_stock,1,,FALSE,2321,2321,レザークラフト材料専門店ぱれっと,https://item.rakuten.co.jp/lc-palette/eg1076/,2321,0,2026-08-20,レザークラフト材料専門店ぱれっと,https://item.rakuten.co.jp/lc-palette/eg1076/,2321,0,2026-08-20,,,,,,,,,,,TRUE,2026-08-09 08:31:06,20260809-082943,レザークラフト材料専門店ぱれっと,ネット調査登録2026-08-08・実在庫要確認
Mini6,m6k11,klause,クラウゼリング,KRAUSE,11mm,11,silver,シルバー,ニッケル,TRUE,TRUE,180,1265,in_stock,1,,FALSE,1265,1265,レザークラフト材料専門店ぱれっと,https://item.rakuten.co.jp/lc-palette/eg1014/,1265,0,2026-08-20,レザークラフト材料専門店ぱれっと,https://item.rakuten.co.jp/lc-palette/eg1014/,1265,0,2026-08-20,,,,,,,,,,,TRUE,2026-08-09 08:31:18,20260809-082943,レザークラフト材料専門店ぱれっと,ネット調査登録2026-08-08・実在庫要確認
Mini6,m6k11,klause,クラウゼリング,KRAUSE,11mm,11,gold,ゴールド,本金,TRUE,TRUE,181,2354,in_stock,1,,FALSE,2354,2354,レザークラフト材料専門店ぱれっと,https://item.rakuten.co.jp/lc-palette/eg1014/,2354,0,2026-08-20,レザークラフト材料専門店ぱれっと,https://item.rakuten.co.jp/lc-palette/eg1014/,2354,0,2026-08-20,,,,,,,,,,,TRUE,2026-08-09 08:31:18,20260809-082943,レザークラフト材料専門店ぱれっと,ネット調査登録2026-08-08・実在庫要確認
Mini6,m6k11,klause,クラウゼリング,KRAUSE,11mm,11,black,ブラック,黒ニッケル,TRUE,TRUE,182,2178,in_stock,1,,FALSE,2178,2178,レザークラフト材料専門店ぱれっと,https://item.rakuten.co.jp/lc-palette/eg1014/,2178,0,2026-08-20,レザークラフト材料専門店ぱれっと,https://item.rakuten.co.jp/lc-palette/eg1014/,2178,0,2026-08-20,,,,,,,,,,,TRUE,2026-08-09 08:31:18,20260809-082943,レザークラフト材料専門店ぱれっと,ネット調査登録2026-08-08・実在庫要確認
Mini6,m6k11,klause,クラウゼリング,KRAUSE,11mm,11,pinkgold,ピンクゴールド,ピンクゴールド,TRUE,TRUE,183,2354,in_stock,1,,FALSE,2354,2354,レザークラフト材料専門店ぱれっと,https://item.rakuten.co.jp/lc-palette/eg1014/,2354,0,2026-08-20,レザークラフト材料専門店ぱれっと,https://item.rakuten.co.jp/lc-palette/eg1014/,2354,0,2026-08-20,,,,,,,,,,,TRUE,2026-08-09 08:31:18,20260809-082943,レザークラフト材料専門店ぱれっと,ネット調査登録2026-08-08・実在庫要確認
Mini6,m6k13,klause,クラウゼリング,KRAUSE,13mm,13,silver,シルバー,ニッケル,TRUE,TRUE,184,1430,in_stock,1,,FALSE,1430,1430,レザークラフト材料専門店ぱれっと,https://item.rakuten.co.jp/lc-palette/e73058p/,1430,0,2026-08-20,レザークラフト材料専門店ぱれっと,https://item.rakuten.co.jp/lc-palette/e73058p/,1430,0,2026-08-20,,,,,,,,,,,TRUE,2026-08-09 08:31:29,20260809-082943,レザークラフト材料専門店ぱれっと,ネット調査登録2026-08-08・実在庫要確認
Mini6,m6k13,klause,クラウゼリング,KRAUSE,13mm,13,gold,ゴールド,本金,TRUE,TRUE,185,2695,in_stock,1,,FALSE,2695,2695,レザークラフト材料専門店ぱれっと,https://item.rakuten.co.jp/lc-palette/e73058p/,2695,0,2026-08-20,レザークラフト材料専門店ぱれっと,https://item.rakuten.co.jp/lc-palette/e73058p/,2695,0,2026-08-20,,,,,,,,,,,TRUE,2026-08-09 08:31:29,20260809-082943,レザークラフト材料専門店ぱれっと,ネット調査登録2026-08-08・実在庫要確認
Mini6,m6k13,klause,クラウゼリング,KRAUSE,13mm,13,black,ブラック,黒ニッケル,TRUE,TRUE,186,2541,in_stock,1,,FALSE,2541,2541,レザークラフト材料専門店ぱれっと,https://item.rakuten.co.jp/lc-palette/e73058p/,2541,0,2026-08-20,レザークラフト材料専門店ぱれっと,https://item.rakuten.co.jp/lc-palette/e73058p/,2541,0,2026-08-20,,,,,,,,,,,TRUE,2026-08-09 08:31:29,20260809-082943,レザークラフト材料専門店ぱれっと,ネット調査登録2026-08-08・実在庫要確認
Mini6,m6k13,klause,クラウゼリング,KRAUSE,13mm,13,pinkgold,ピンクゴールド,ピンクゴールド,TRUE,TRUE,187,2695,in_stock,1,,FALSE,2695,2695,レザークラフト材料専門店ぱれっと,https://item.rakuten.co.jp/lc-palette/e73058p/,2695,0,2026-08-20,レザークラフト材料専門店ぱれっと,https://item.rakuten.co.jp/lc-palette/e73058p/,2695,0,2026-08-20,,,,,,,,,,,TRUE,2026-08-09 08:31:29,20260809-082943,レザークラフト材料専門店ぱれっと,ネット調査登録2026-08-08・実在庫要確認
Mini6,m6k20,klause,クラウゼリング,KRAUSE,20mm,20,silver,シルバー,ニッケル,TRUE,TRUE,188,1628,in_stock,1,,FALSE,1628,1628,レザークラフト材料専門店ぱれっと,https://item.rakuten.co.jp/lc-palette/eg1075/,1628,0,2026-08-20,レザークラフト材料専門店ぱれっと,https://item.rakuten.co.jp/lc-palette/eg1075/,1628,0,2026-08-20,,,,,,,,,,,TRUE,2026-08-09 08:31:29,20260809-082943,レザークラフト材料専門店ぱれっと,ネット調査登録2026-08-08・実在庫要確認
Mini6,m6k20,klause,クラウゼリング,KRAUSE,20mm,20,pinkgold,ピンクゴールド,ピンクゴールド,TRUE,TRUE,189,3113,in_stock,1,,FALSE,3113,3113,レザークラフト材料専門店ぱれっと,https://item.rakuten.co.jp/lc-palette/eg1075/,3113,0,2026-08-20,レザークラフト材料専門店ぱれっと,https://item.rakuten.co.jp/lc-palette/eg1075/,3113,0,2026-08-20,,,,,,,,,,,TRUE,2026-08-09 08:31:29,20260809-082943,レザークラフト材料専門店ぱれっと,ネット調査登録2026-08-08・実在庫要確認
Bible,bk11,klause,クラウゼリング,KRAUSE,11mm,11,silver,シルバー,ニッケル,TRUE,TRUE,190,1419,in_stock,1,,FALSE,1419,1419,レザークラフト材料専門店ぱれっと,https://item.rakuten.co.jp/lc-palette/eg1015/,1419,0,2026-08-20,レザークラフト材料専門店ぱれっと,https://item.rakuten.co.jp/lc-palette/eg1015/,1419,0,2026-08-20,,,,,,,,,,,TRUE,2026-08-09 08:31:40,20260809-082943,レザークラフト材料専門店ぱれっと,ネット調査登録2026-08-08・実在庫要確認
Bible,bk11,klause,クラウゼリング,KRAUSE,11mm,11,gold,ゴールド,本金,TRUE,TRUE,191,2871,in_stock,1,,FALSE,2871,2871,レザークラフト材料専門店ぱれっと,https://item.rakuten.co.jp/lc-palette/eg1015/,2871,0,2026-08-20,レザークラフト材料専門店ぱれっと,https://item.rakuten.co.jp/lc-palette/eg1015/,2871,0,2026-08-20,,,,,,,,,,,TRUE,2026-08-09 08:31:40,20260809-082943,レザークラフト材料専門店ぱれっと,ネット調査登録2026-08-08・実在庫要確認
Bible,bk11,klause,クラウゼリング,KRAUSE,11mm,11,black,ブラック,黒ニッケル,TRUE,TRUE,192,2695,in_stock,1,,FALSE,2695,2695,レザークラフト材料専門店ぱれっと,https://item.rakuten.co.jp/lc-palette/eg1015/,2695,0,2026-08-20,レザークラフト材料専門店ぱれっと,https://item.rakuten.co.jp/lc-palette/eg1015/,2695,0,2026-08-20,,,,,,,,,,,TRUE,2026-08-09 08:31:40,20260809-082943,レザークラフト材料専門店ぱれっと,ネット調査登録2026-08-08・実在庫要確認
Bible,bk11,klause,クラウゼリング,KRAUSE,11mm,11,pinkgold,ピンクゴールド,ピンクゴールド,TRUE,TRUE,193,2871,in_stock,1,,FALSE,2871,2871,レザークラフト材料専門店ぱれっと,https://item.rakuten.co.jp/lc-palette/eg1015/,2871,0,2026-08-20,レザークラフト材料専門店ぱれっと,https://item.rakuten.co.jp/lc-palette/eg1015/,2871,0,2026-08-20,,,,,,,,,,,TRUE,2026-08-09 08:31:40,20260809-082943,レザークラフト材料専門店ぱれっと,ネット調査登録2026-08-08・実在庫要確認
Bible,bk16,klause,クラウゼリング,KRAUSE,16mm,16,silver,シルバー,ニッケル,TRUE,TRUE,194,1628,in_stock,1,,FALSE,1628,1628,レザークラフト材料専門店ぱれっと,https://item.rakuten.co.jp/lc-palette/eg1016/,1628,0,2026-08-20,レザークラフト材料専門店ぱれっと,https://item.rakuten.co.jp/lc-palette/eg1016/,1628,0,2026-08-20,,,,,,,,,,,TRUE,2026-08-09 08:31:51,20260809-082943,レザークラフト材料専門店ぱれっと,ネット調査登録2026-08-08・実在庫要確認
Bible,bk16,klause,クラウゼリング,KRAUSE,16mm,16,gold,ゴールド,本金,TRUE,TRUE,195,3267,in_stock,1,,FALSE,3267,3267,レザークラフト材料専門店ぱれっと,https://item.rakuten.co.jp/lc-palette/eg1016/,3267,0,2026-08-20,レザークラフト材料専門店ぱれっと,https://item.rakuten.co.jp/lc-palette/eg1016/,3267,0,2026-08-20,,,,,,,,,,,TRUE,2026-08-09 08:31:51,20260809-082943,レザークラフト材料専門店ぱれっと,ネット調査登録2026-08-08・実在庫要確認
Bible,bk16,klause,クラウゼリング,KRAUSE,16mm,16,black,ブラック,黒ニッケル,TRUE,TRUE,196,3113,in_stock,1,,FALSE,3113,3113,レザークラフト材料専門店ぱれっと,https://item.rakuten.co.jp/lc-palette/eg1016/,3113,0,2026-08-20,レザークラフト材料専門店ぱれっと,https://item.rakuten.co.jp/lc-palette/eg1016/,3113,0,2026-08-20,,,,,,,,,,,TRUE,2026-08-09 08:31:51,20260809-082943,レザークラフト材料専門店ぱれっと,ネット調査登録2026-08-08・実在庫要確認
Bible,bk16,klause,クラウゼリング,KRAUSE,16mm,16,pinkgold,ピンクゴールド,ピンクゴールド,TRUE,TRUE,197,3267,in_stock,1,,FALSE,3267,3267,レザークラフト材料専門店ぱれっと,https://item.rakuten.co.jp/lc-palette/eg1016/,3267,0,2026-08-20,レザークラフト材料専門店ぱれっと,https://item.rakuten.co.jp/lc-palette/eg1016/,3267,0,2026-08-20,,,,,,,,,,,TRUE,2026-08-09 08:31:51,20260809-082943,レザークラフト材料専門店ぱれっと,ネット調査登録2026-08-08・実在庫要確認
Bible,bk20,klause,クラウゼリング,KRAUSE,20mm,20,silver,シルバー,ニッケル,TRUE,TRUE,198,1650,in_stock,1,,FALSE,1650,1650,レザークラフト材料専門店ぱれっと,https://item.rakuten.co.jp/lc-palette/e73060p/,1650,0,2026-08-20,レザークラフト材料専門店ぱれっと,https://item.rakuten.co.jp/lc-palette/e73060p/,1650,0,2026-08-20,,,,,,,,,,,TRUE,2026-08-09 08:32:03,20260809-082943,レザークラフト材料専門店ぱれっと,ネット調査登録2026-08-08・実在庫要確認
Bible,bk20,klause,クラウゼリング,KRAUSE,20mm,20,gold,ゴールド,本金,TRUE,TRUE,199,3553,in_stock,1,,FALSE,3553,3553,レザークラフト材料専門店ぱれっと,https://item.rakuten.co.jp/lc-palette/e73060p/,3553,0,2026-08-20,レザークラフト材料専門店ぱれっと,https://item.rakuten.co.jp/lc-palette/e73060p/,3553,0,2026-08-20,,,,,,,,,,,TRUE,2026-08-09 08:32:03,20260809-082943,レザークラフト材料専門店ぱれっと,ネット調査登録2026-08-08・実在庫要確認
Bible,bk20,klause,クラウゼリング,KRAUSE,20mm,20,black,ブラック,黒ニッケル,TRUE,TRUE,200,3377,in_stock,1,,FALSE,3377,3377,レザークラフト材料専門店ぱれっと,https://item.rakuten.co.jp/lc-palette/e73060p/,3377,0,2026-08-20,レザークラフト材料専門店ぱれっと,https://item.rakuten.co.jp/lc-palette/e73060p/,3377,0,2026-08-20,,,,,,,,,,,TRUE,2026-08-09 08:32:03,20260809-082943,レザークラフト材料専門店ぱれっと,ネット調査登録2026-08-08・実在庫要確認
Bible,bk20,klause,クラウゼリング,KRAUSE,20mm,20,pinkgold,ピンクゴールド,ピンクゴールド,TRUE,TRUE,201,3553,in_stock,1,,FALSE,3553,3553,レザークラフト材料専門店ぱれっと,https://item.rakuten.co.jp/lc-palette/e73060p/,3553,0,2026-08-20,レザークラフト材料専門店ぱれっと,https://item.rakuten.co.jp/lc-palette/e73060p/,3553,0,2026-08-20,,,,,,,,,,,TRUE,2026-08-09 08:32:03,20260809-082943,レザークラフト材料専門店ぱれっと,ネット調査登録2026-08-08・実在庫要確認
Bible,kl25,klause,クラウゼリング,KRAUSE,25mm,25,gold,ゴールド,本金,TRUE,TRUE,202,3619,in_stock,2,,TRUE,3619,3619,レザークラフト材料専門店ぱれっと,https://item.rakuten.co.jp/lc-palette/eg1017/,3619,0,2026-08-20,レザークラフト材料専門店ぱれっと,https://item.rakuten.co.jp/lc-palette/eg1017/,3619,0,2026-08-20,,,,,,,,,,,TRUE,2026-08-09 08:32:03,20260809-082943,レザークラフト材料専門店ぱれっと,ネット調査登録2026-08-08・実在庫要確認
Bible,kl25,klause,クラウゼリング,KRAUSE,25mm,25,black,ブラック,黒ニッケル,TRUE,TRUE,203,3443,in_stock,1,,FALSE,3443,3443,レザークラフト材料専門店ぱれっと,https://item.rakuten.co.jp/lc-palette/eg1017/,3443,0,2026-08-20,レザークラフト材料専門店ぱれっと,https://item.rakuten.co.jp/lc-palette/eg1017/,3443,0,2026-08-20,,,,,,,,,,,TRUE,2026-08-09 08:32:03,20260809-082943,レザークラフト材料専門店ぱれっと,ネット調査登録2026-08-08・実在庫要確認
Bible,kl25,klause,クラウゼリング,KRAUSE,25mm,25,pinkgold,ピンクゴールド,ピンクゴールド,TRUE,TRUE,204,3619,in_stock,1,,FALSE,3619,3619,レザークラフト材料専門店ぱれっと,https://item.rakuten.co.jp/lc-palette/eg1017/,3619,0,2026-08-20,レザークラフト材料専門店ぱれっと,https://item.rakuten.co.jp/lc-palette/eg1017/,3619,0,2026-08-20,,,,,,,,,,,TRUE,2026-08-09 08:32:03,20260809-082943,レザークラフト材料専門店ぱれっと,ネット調査登録2026-08-08・実在庫要確認
Bible,bk30,klause,クラウゼリング,KRAUSE,30mm,30,silver,シルバー,ニッケル,TRUE,TRUE,205,2068,in_stock,1,,FALSE,2068,2068,レザークラフト材料専門店ぱれっと,https://item.rakuten.co.jp/lc-palette/eg1018/,2068,0,2026-08-20,レザークラフト材料専門店ぱれっと,https://item.rakuten.co.jp/lc-palette/eg1018/,2068,0,2026-08-20,,,,,,,,,,,TRUE,2026-08-09 08:32:15,20260809-082943,レザークラフト材料専門店ぱれっと,ネット調査登録2026-08-08・実在庫要確認
Bible,bk30,klause,クラウゼリング,KRAUSE,30mm,30,gold,ゴールド,本金,TRUE,TRUE,206,4125,in_stock,1,,FALSE,4125,4125,レザークラフト材料専門店ぱれっと,https://item.rakuten.co.jp/lc-palette/eg1018/,4125,0,2026-08-20,レザークラフト材料専門店ぱれっと,https://item.rakuten.co.jp/lc-palette/eg1018/,4125,0,2026-08-20,,,,,,,,,,,TRUE,2026-08-09 08:32:15,20260809-082943,レザークラフト材料専門店ぱれっと,ネット調査登録2026-08-08・実在庫要確認
Bible,bk30,klause,クラウゼリング,KRAUSE,30mm,30,black,ブラック,黒ニッケル,TRUE,TRUE,207,3971,in_stock,1,,FALSE,3971,3971,レザークラフト材料専門店ぱれっと,https://item.rakuten.co.jp/lc-palette/eg1018/,3971,0,2026-08-20,レザークラフト材料専門店ぱれっと,https://item.rakuten.co.jp/lc-palette/eg1018/,3971,0,2026-08-20,,,,,,,,,,,TRUE,2026-08-09 08:32:15,20260809-082943,レザークラフト材料専門店ぱれっと,ネット調査登録2026-08-08・実在庫要確認
Bible,bk30,klause,クラウゼリング,KRAUSE,30mm,30,pinkgold,ピンクゴールド,ピンクゴールド,TRUE,TRUE,208,4125,in_stock,1,,FALSE,4125,4125,レザークラフト材料専門店ぱれっと,https://item.rakuten.co.jp/lc-palette/eg1018/,4125,0,2026-08-20,レザークラフト材料専門店ぱれっと,https://item.rakuten.co.jp/lc-palette/eg1018/,4125,0,2026-08-20,,,,,,,,,,,TRUE,2026-08-09 08:32:15,20260809-082943,レザークラフト材料専門店ぱれっと,ネット調査登録2026-08-08・実在庫要確認
A5,a5k16,klause,クラウゼリング,KRAUSE,16mm,16,silver,シルバー,ニッケル,TRUE,TRUE,209,2200,in_stock,1,,FALSE,2200,2200,レザークラフト材料専門店ぱれっと,https://item.rakuten.co.jp/lc-palette/eg1019/,2200,0,2026-08-20,レザークラフト材料専門店ぱれっと,https://item.rakuten.co.jp/lc-palette/eg1019/,2200,0,2026-08-20,,,,,,,,,,,TRUE,2026-08-09 08:32:26,20260809-082943,レザークラフト材料専門店ぱれっと,ネット調査登録2026-08-08・実在庫要確認
A5,a5k16,klause,クラウゼリング,KRAUSE,16mm,16,black,ブラック,黒ニッケル,TRUE,TRUE,210,4290,in_stock,1,,FALSE,4290,4290,レザークラフト材料専門店ぱれっと,https://item.rakuten.co.jp/lc-palette/eg1019/,4290,0,2026-08-20,レザークラフト材料専門店ぱれっと,https://item.rakuten.co.jp/lc-palette/eg1019/,4290,0,2026-08-20,,,,,,,,,,,TRUE,2026-08-09 08:32:26,20260809-082943,レザークラフト材料専門店ぱれっと,ネット調査登録2026-08-08・実在庫要確認
A5,a5k16,klause,クラウゼリング,KRAUSE,16mm,16,pinkgold,ピンクゴールド,ピンクゴールド,TRUE,TRUE,211,4466,in_stock,1,,FALSE,4466,4466,レザークラフト材料専門店ぱれっと,https://item.rakuten.co.jp/lc-palette/eg1019/,4466,0,2026-08-20,レザークラフト材料専門店ぱれっと,https://item.rakuten.co.jp/lc-palette/eg1019/,4466,0,2026-08-20,,,,,,,,,,,TRUE,2026-08-09 08:32:26,20260809-082943,レザークラフト材料専門店ぱれっと,ネット調査登録2026-08-08・実在庫要確認
A5,a5k25,klause,クラウゼリング,KRAUSE,25mm,25,silver,シルバー,ニッケル,TRUE,TRUE,212,2618,in_stock,1,,FALSE,2618,2618,レザークラフト材料専門店ぱれっと,https://item.rakuten.co.jp/lc-palette/eg1020/,2618,0,2026-08-20,レザークラフト材料専門店ぱれっと,https://item.rakuten.co.jp/lc-palette/eg1020/,2618,0,2026-08-20,,,,,,,,,,,TRUE,2026-08-09 08:32:38,20260809-082943,レザークラフト材料専門店ぱれっと,ネット調査登録2026-08-08・実在庫要確認
A5,a5k25,klause,クラウゼリング,KRAUSE,25mm,25,gold,ゴールド,本金,TRUE,TRUE,213,5291,in_stock,1,,FALSE,5291,5291,レザークラフト材料専門店ぱれっと,https://item.rakuten.co.jp/lc-palette/eg1020/,5291,0,2026-08-20,レザークラフト材料専門店ぱれっと,https://item.rakuten.co.jp/lc-palette/eg1020/,5291,0,2026-08-20,,,,,,,,,,,TRUE,2026-08-09 08:32:38,20260809-082943,レザークラフト材料専門店ぱれっと,ネット調査登録2026-08-08・実在庫要確認
A5,a5k25,klause,クラウゼリング,KRAUSE,25mm,25,black,ブラック,黒ニッケル,TRUE,TRUE,214,5115,in_stock,1,,FALSE,5115,5115,レザークラフト材料専門店ぱれっと,https://item.rakuten.co.jp/lc-palette/eg1020/,5115,0,2026-08-20,レザークラフト材料専門店ぱれっと,https://item.rakuten.co.jp/lc-palette/eg1020/,5115,0,2026-08-20,,,,,,,,,,,TRUE,2026-08-09 08:32:38,20260809-082943,レザークラフト材料専門店ぱれっと,ネット調査登録2026-08-08・実在庫要確認
A5,a5k25,klause,クラウゼリング,KRAUSE,25mm,25,pinkgold,ピンクゴールド,ピンクゴールド,TRUE,TRUE,215,5291,in_stock,1,,FALSE,5291,5291,レザークラフト材料専門店ぱれっと,https://item.rakuten.co.jp/lc-palette/eg1020/,5291,0,2026-08-20,レザークラフト材料専門店ぱれっと,https://item.rakuten.co.jp/lc-palette/eg1020/,5291,0,2026-08-20,,,,,,,,,,,TRUE,2026-08-09 08:32:38,20260809-082943,レザークラフト材料専門店ぱれっと,ネット調査登録2026-08-08・実在庫要確認
A5,kl30,klause,クラウゼリング,KRAUSE,30mm,30,gold,ゴールド,本金,TRUE,TRUE,216,6226,in_stock,1,,FALSE,6226,6226,レザークラフト材料専門店ぱれっと,https://item.rakuten.co.jp/lc-palette/eg1077/,6226,0,2026-08-20,レザークラフト材料専門店ぱれっと,https://item.rakuten.co.jp/lc-palette/eg1077/,6226,0,2026-08-20,,,,,,,,,,,TRUE,2026-08-09 08:32:38,20260809-082943,レザークラフト材料専門店ぱれっと,ネット調査登録2026-08-08・実在庫要確認
A5,kl30,klause,クラウゼリング,KRAUSE,30mm,30,black,ブラック,黒ニッケル,TRUE,TRUE,217,6182,in_stock,1,,FALSE,6182,6182,レザークラフト材料専門店ぱれっと,https://item.rakuten.co.jp/lc-palette/eg1077/,6182,0,2026-08-20,レザークラフト材料専門店ぱれっと,https://item.rakuten.co.jp/lc-palette/eg1077/,6182,0,2026-08-20,,,,,,,,,,,TRUE,2026-08-09 08:32:38,20260809-082943,レザークラフト材料専門店ぱれっと,ネット調査登録2026-08-08・実在庫要確認
A5,kl30,klause,クラウゼリング,KRAUSE,30mm,30,pinkgold,ピンクゴールド,ピンクゴールド,TRUE,TRUE,218,6226,in_stock,1,,FALSE,6226,6226,レザークラフト材料専門店ぱれっと,https://item.rakuten.co.jp/lc-palette/eg1077/,6226,0,2026-08-20,レザークラフト材料専門店ぱれっと,https://item.rakuten.co.jp/lc-palette/eg1077/,6226,0,2026-08-20,,,,,,,,,,,TRUE,2026-08-09 08:32:38,20260809-082943,レザークラフト材料専門店ぱれっと,ネット調査登録2026-08-08・実在庫要確認
Mini6,m6k10,klause,クラウゼリング,KRAUSE,10mm,10,silver,シルバー,ニッケル,TRUE,TRUE,219,1133,in_stock,1,,FALSE,1133,1133,千禾shop 楽天市場店,https://item.rakuten.co.jp/senwashop/127-6/,1133,0,2026-08-20,千禾shop 楽天市場店,https://item.rakuten.co.jp/senwashop/127-6/,1133,0,2026-08-20,,,,,,,,,,,TRUE,2026-08-09 08:32:49,20260809-082943,千禾shop 楽天市場店,ネット調査登録2026-08-08・実在庫要確認・送料未確認
Mini6,m6k16,klause,クラウゼリング,KRAUSE,16mm,16,silver,シルバー,ニッケル,TRUE,TRUE,220,1683,in_stock,1,,FALSE,1683,1683,千禾shop 楽天市場店,https://item.rakuten.co.jp/senwashop/127-6/,1683,0,2026-08-20,千禾shop 楽天市場店,https://item.rakuten.co.jp/senwashop/127-6/,1683,0,2026-08-20,,,,,,,,,,,TRUE,2026-08-09 08:32:49,20260809-082943,千禾shop 楽天市場店,ネット調査登録2026-08-08・実在庫要確認・送料未確認
Mini6,m6n11,normal,通常リング,,11mm,11,silver,シルバー,ニッケル,TRUE,TRUE,221,198,in_stock,1,,FALSE,198,198,Gadget Store,https://gadget.ocnk.net/product/534,198,0,2026-08-20,Gadget Store,https://gadget.ocnk.net/product/534,198,0,2026-08-20,,,,,,,,,,,TRUE,2026-08-09 08:38:45,20260809-083525,Gadget Store,ネット調査登録2026-08-08・平テコ式・実在庫要確認・送料未確認
Mini6,m6n13,normal,通常リング,,13mm,13,silver,シルバー,ニッケル,TRUE,TRUE,222,198,in_stock,1,,FALSE,198,198,Gadget Store,https://gadget.ocnk.net/product/532,198,0,2026-08-20,Gadget Store,https://gadget.ocnk.net/product/532,198,0,2026-08-20,,,,,,,,,,,TRUE,2026-08-09 08:38:46,20260809-083525,Gadget Store,ネット調査登録2026-08-08・平テコ式・実在庫要確認・送料未確認
Bible,bn15,normal,通常リング,,15mm,15,silver,シルバー,ニッケル,TRUE,TRUE,223,660,in_stock,1,,FALSE,660,660,Gadget Store,https://gadget.ocnk.net/product/268,660,0,2026-08-20,Gadget Store,https://gadget.ocnk.net/product/268,660,0,2026-08-20,,,,,,,,,,,TRUE,2026-08-09 08:38:48,20260809-083525,Gadget Store,ネット調査登録2026-08-08・実在庫要確認・送料未確認
Bible,bn19,normal,通常リング,,19mm,19,silver,シルバー,ニッケル,TRUE,TRUE,224,242,in_stock,1,,FALSE,242,242,Gadget Store,https://gadget.ocnk.net/product/492,242,0,2026-08-20,Gadget Store,https://gadget.ocnk.net/product/492,242,0,2026-08-20,,,,,,,,,,,TRUE,2026-08-09 08:38:50,20260809-083525,Gadget Store,ネット調査登録2026-08-08・平テコ式・実在庫要確認・送料未確認
Mini6,m6n20,normal,通常リング,,20mm,20,silver,シルバー,シルバー,TRUE,TRUE,225,2000,in_stock,1,,FALSE,,,AliExpress,,,,2026-08-08,,,,,,,,,,,,,,,,,,,,事業主指示で追加2026-08-08・見積額は仮価格・URLと購入価格は購入時に記録
Mini6,m6n25,normal,通常リング,,25mm,25,silver,シルバー,シルバー,TRUE,TRUE,226,2500,in_stock,1,,FALSE,,,AliExpress,,,,2026-08-08,,,,,,,,,,,,,,,,,,,,事業主指示で追加2026-08-08・見積額は仮価格・URLと購入価格は購入時に記録
Mini6,m6n30,normal,通常リング,,30mm,30,silver,シルバー,シルバー,TRUE,TRUE,227,3000,in_stock,1,,FALSE,,,AliExpress,,,,2026-08-08,,,,,,,,,,,,,,,,,,,,事業主指示で追加2026-08-08・見積額は仮価格・URLと購入価格は購入時に記録
